Year,Sex,Value
2015,,5.5965
2015,Female,4.13818
2015,Male,7.29815
