Year,Value
2000,34.21305
2005,39.76516
2010,49.96409
