Year,Value
2000,16.88211
2005,13.58008
