{"data":{"Year":[2000,2001,2002,2003,2004,2005,2006,2007,2008,2009,2010,2011,2012,2013,2014,2015,2016,2017,2018,2019,2020],"Value":[863.35487,575.32987,382.63641,568.6851,717.6243,1070.43066,796.75031,2408.83987,1378.72064,2481.6769,1504.21492,2999.33825,2746.96613,4474.10758,3278.03471,2529.09725,2682.91725,3297.78835,3518.51571,3167.26416,4494.78576]},"edges":[]}