{"data":{"Year":[2000,2001,2002,2003,2004,2005,2006,2007,2008,2009,2010,2011,2012,2013,2014,2015,2016,2017,2018,2019,2020],"Value":[482.75613,460.17333,533.89333,533.79843,997.0001,699.5836,868.05174,973.56855,1351.62724,1388.89104,926.40032,1256.53143,1132.9927,219.77091,1131.85331,1088.14619,727.9717,1210.72123,2265.53725,2005.61022,2085.31706]},"edges":[]}