{"data":{"Year":[2000,2002,2004,2006,2008,2010,2012,2014,2016,2018,2020],"Value":[67.15485,63.59985,60.04485,56.48985,52.93485,49.37985,45.82485,42.26985,38.71484,35.15984,31.60484]},"edges":[]}