{"data":{"Year":[2010,2011,2012,2013,2014,2015,2016,2017,2018,2019,2010,2011,2012,2013,2014,2015,2016,2017,2018,2019,2010,2011,2012,2013,2014,2015,2016,2017,2018,2019,2010,2011,2012,2013,2014,2015,2016,2017,2018,2019,2010,2011,2012,2013,2014,2015,2016,2017,2018,2019],"Degree of urbanisation":[null,null,null,null,null,null,null,null,null,null,"City","City","City","City","City","City","City","City","City","City","Rural","Rural","Rural","Rural","Rural","Rural","Rural","Rural","Rural","Rural","Town and semi-dense area","Town and semi-dense area","Town and semi-dense area","Town and semi-dense area","Town and semi-dense area","Town and semi-dense area","Town and semi-dense area","Town and semi-dense area","Town and semi-dense area","Town and semi-dense area","Urban","Urban","Urban","Urban","Urban","Urban","Urban","Urban","Urban","Urban"],"Value":[14.9010012568,14.9759923879,15.0787999317,14.9826108352,15.0052659239,15.0603302864,15.1251984741,14.9686159979,15.1995573989,14.9969842011,11.15604686,11.2008556235,11.24104941,11.1934097706,11.2108317462,11.2531349605,11.2349148052,11.1558264978,11.2809293456,11.1508022929,15.2340288526,15.3061764468,15.4248669087,15.3043547252,15.3322370381,15.3606915737,15.457295248,15.2819731082,15.536691797,15.3087491219,17.2092808338,17.3320563643,17.4693224747,17.4036880984,17.4373038493,17.5797919679,17.6632902498,17.5020067245,17.7887092465,17.6002567936,14.5086220712,14.5858420374,14.6686190999,14.5999803787,14.6149911997,14.7003693054,14.7254472315,14.5896585625,14.7898893408,14.616327609]},"edges":[]}