{"data":{"Year":[2000,2005],"Value":[16.88211,13.58008]},"edges":[]}