{"data":{"Year":[2015,2017,2019],"Value":[0.6468417131,0.8192169361,0.8385923234]},"edges":[]}