{"data":{"Year":[2002,2003,2004,2005,2006,2007,2008,2009,2010,2011,2012,2013,2014,2015,2016,2017,2018,2019,2020],"Value":[0.3704,8.41941,26.27734,103.63919,7.55329,10.98536,30.57,51.80942,73.26684,47.61655,66.20826,82.53118,52.13775,189.91887,173.38525,89.96754,93.42992,21.27054,27.43958]},"edges":[]}