{"data":{"Year":[2000,2001,2002,2003,2004,2005,2006,2007,2008,2009,2010,2011,2012,2013,2014,2015,2016,2017,2018,2019,2020],"Value":[94.84902,91.87166,83.75428,77.9638,74.68727,94.35477,79.27422,78.8515,75.05823,72.89256,72.39358,76.47839,72.91474,69.37172,63.01813,52.60058,56.76727,47.39973,53.71354,65.14275,80.99195]},"edges":[]}