{"data":{"Year":[2000,2005,2010,2015,2019,2000,2005,2010,2015,2019,2000,2005,2010,2015,2019],"UPPER_BOUND":["1.26166","1.03086","0.74544","1.08076","1.34004","0.39233","0.32184","0.23448","0.33986","0.41883","2.24676","1.8515","1.34839","1.96079","2.42405"],"LOWER_BOUND":["0.25269","0.24172","0.19777","0.22615","0.31721","0.0805","0.07348","0.06102","0.07173","0.09784","0.4442","0.43273","0.35811","0.40872","0.57619"],"Sex":[null,null,null,null,null,"Female","Female","Female","Female","Female","Male","Male","Male","Male","Male"],"Upper bound value":["1.34004","1.34004","1.34004","1.34004","1.34004","0.41883","0.41883","0.41883","0.41883","0.41883","2.42405","2.42405","2.42405","2.42405","2.42405"],"Lower bound value":["0.31721","0.31721","0.31721","0.31721","0.31721","0.09784","0.09784","0.09784","0.09784","0.09784","0.57619","0.57619","0.57619","0.57619","0.57619"],"Value":[0.66609,0.55698,0.39834,0.59149,0.73013,0.2035,0.17149,0.1228,0.18147,0.22258,1.16903,0.98211,0.70616,1.05175,1.29619]},"edges":{"From":["UPPER_BOUND","LOWER_BOUND","Lower bound value","Upper bound value"],"To":["LOWER_BOUND","Upper bound value","Sex","Lower bound value"]}}