{"data":{"Year":[2015,2015,2015],"Sex":[null,"Female","Male"],"Value":[5.5965,4.13818,7.29815]},"edges":[]}