{"data":{"Year":[2006,2007,2008,2009,2010,2011,2012,2013,2014,2015,2016,2017,2018,2019,2020],"Value":[1.92907,2.24257,2.3863,3.85914,3.96413,1.33451,1.60461,5.28755,4.91611,6.44928,4.43418,5.7805,6.94228,8.56172,9.12561]},"edges":[]}