{"data":{"Year":[2000,2001,2002,2003,2004,2005,2006,2007,2008,2009,2010,2011,2012,2013,2014,2015,2016,2017,2018,2019,2020],"Value":[-2.22447,1.65578,-2.11947,0.15437,2.28251,3.05049,3.43354,3.93313,-2.5032,0.50379,5.48847,3.29137,1.80761,3.15029,2.69482,3.11679,1.72097,1.39773,3.22143,2.62207,-2.53584]},"edges":[]}