Year,Value
1990,56.92983
1991,-7.44398
1992,21.53446
1993,-0.70631
1994,66.82216
1995,35.05974
1996,5.47354
1997,176.81254
1998,60.34389
1999,153.24696
2000,62.93751
2001,31.94237
2002,78.05299
2003,52.49484
2004,77.0285
2005,44.58849
2006,220.31976
2007,297.42711
2008,397.6329
2009,320.03278
2010,266.10765
2011,338.2189
2012,276.1754
2013,311.36677
2014,403.09806
2015,409.16612
2016,472.4098
2017,588.293
2018,847.84158
2019,1065.46282
2020,1480.50073
