Year,Value
2005,62.51488
2010,71.14844
2015,74.13574
2016,69.18255
2017,71.69178
2018,72.31447
2019,70.78455
2020,67.17323
