Year,Value
2000,67.15485
2002,63.59985
2004,60.04485
2006,56.48985
2008,52.93485
2010,49.37985
2012,45.82485
2014,42.26985
2016,38.71484
2018,35.15984
2020,31.60484
