Year,Value
2000,4.67449
2001,4.20154
2002,3.72503
2003,3.87805
2004,4.14514
2005,4.26491
2006,4.40562
2007,4.66875
2008,4.80548
2009,4.86789
2010,5.0448
2011,5.27999
2012,5.45648
2013,5.65231
2014,5.82809
2015,6.06435
2016,6.47574
2017,6.96987
2018,7.48532
2019,7.82624
