Year,Value
2000,12.86004
2001,14.94874
2002,17.03744
2003,19.12613
2004,20.18372
2005,21.24131
2006,22.2989
2007,23.3565
2008,24.41409
2009,25.47168
2010,26.52927
2011,26.53256
2012,26.53586
2013,26.53916
2014,26.54246
2015,26.54575
2016,33.2399
2017,33.2399
2018,33.2399
2019,33.2399
