Year,Value
2005,41.67818
2010,40.37193
2015,62.13633
2016,53.18599
2017,72.12601
2018,75.7741
2019,78.98219
2020,77.18257
