{"data":{"Year":[2000,2001,2002,2003,2004,2005,2006,2008,2009,2010,2011,2012,2013,2014,2015,2016,2017,2018,2019,2020,2021],"NATURE":["C","C","C","C","C","C","C","E","C","C","C","C","C","C","C","C","E","C","C","C","C"],"Value":[17.61849,15.72974,16.72192,16.11751,16.96225,21.77097,17.95464,19.22614,23.30045,24.04635,21.08697,20.79525,25.74235,24.76296,23.77827,21.33737,20.58926,21.54202,18.31227,22.06278,21.08209]},"edges":[]}