{"data":{"Year":[2005,2010,2015,2016,2017,2018,2019,2020,2005,2010,2015,2016,2017,2018,2019,2020,2005,2010,2015,2016,2017,2018,2019,2020,2005,2010,2015,2016,2017,2018,2019,2020,2005,2010,2015,2016,2017,2018,2019,2020,2005,2010,2015,2016,2017,2018,2019,2020,2005,2010,2015,2016,2017,2018,2019,2020],"Type of product":[null,null,null,null,null,null,null,null,"Agriculture products","Agriculture products","Agriculture products","Agriculture products","Agriculture products","Agriculture products","Agriculture products","Agriculture products","Arms","Arms","Arms","Arms","Arms","Arms","Arms","Arms","Clothing","Clothing","Clothing","Clothing","Clothing","Clothing","Clothing","Clothing","Industrial products","Industrial products","Industrial products","Industrial products","Industrial products","Industrial products","Industrial products","Industrial products","Oil","Oil","Oil","Oil","Oil","Oil","Oil","Oil","Textiles","Textiles","Textiles","Textiles","Textiles","Textiles","Textiles","Textiles"],"Observation-level footnotes":[null,null,null,null,null,null,null,null,null,null,null,null,null,null,null,null,"Obs_Value = 0;  ","Obs_Value = 0;  ","Obs_Value = 0;  ","Obs_Value = 0;  ","Obs_Value = 0;  ","Obs_Value = 0;  ","Obs_Value = 0;  ","Obs_Value = 0;  ",null,null,null,null,null,null,null,null,null,null,null,null,null,null,null,null,null,null,null,null,null,null,null,null,null,null,null,null,null,null,null,null],"COMMENT_OBS":[null,null,null,null,null,null,null,null,null,null,null,null,null,null,null,null,null,null,"Obs_Value = 0;  ",null,null,null,null,"Obs_Value = 0;  ",null,null,null,null,null,null,null,null,null,null,null,null,null,null,null,null,null,null,null,null,null,null,null,null,null,null,null,null,null,null,null,null],"Value":[62.51488,71.14844,74.13574,69.18255,71.69178,72.31447,70.78455,67.17323,57.94286,64.92766,64.33204,61.12092,67.76365,67.87194,65.61054,63.49641,100.0,83.33333,0.0,33.33333,75.0,75.0,60.0,0.0,44.2623,57.70202,53.63436,43.38498,47.18805,48.64621,47.5478,49.02954,65.33901,73.9839,79.39027,75.03539,76.0055,76.69269,75.12538,70.52662,100.0,50.0,100.0,100.0,100.0,100.0,100.0,50.0,55.48686,66.02476,66.8254,60.1318,68.34239,68.21282,69.874,64.79648]},"edges":{"From":["Type of product","Observation-level footnotes"],"To":["Observation-level footnotes","COMMENT_OBS"]}}