{"data":{"Year":[2000,2002,2004,2006,2008,2010,2012,2014,2016,2018,2020],"Value":[63.18451,61.63811,60.09171,58.54531,56.99891,55.45251,53.90611,52.35971,50.81331,50.81331,50.81331]},"edges":[]}