{"data":{"Year":[2010,2011,2012,2013,2014,2015,2016,2017,2018,2019,2010,2011,2012,2013,2014,2015,2016,2017,2018,2019,2010,2011,2012,2013,2014,2015,2016,2017,2018,2019,2010,2011,2012,2013,2014,2015,2016,2017,2018,2019,2010,2011,2012,2013,2014,2015,2016,2017,2018,2019],"Degree of urbanisation":[null,null,null,null,null,null,null,null,null,null,"City","City","City","City","City","City","City","City","City","City","Rural","Rural","Rural","Rural","Rural","Rural","Rural","Rural","Rural","Rural","Town and semi-dense area","Town and semi-dense area","Town and semi-dense area","Town and semi-dense area","Town and semi-dense area","Town and semi-dense area","Town and semi-dense area","Town and semi-dense area","Town and semi-dense area","Town and semi-dense area","Urban","Urban","Urban","Urban","Urban","Urban","Urban","Urban","Urban","Urban"],"Value":[40.5341986264,41.5974933857,43.3389228849,40.4797672334,41.5219654779,44.3770463116,42.6874668386,44.2661170809,43.119768097,41.9076427684,42.5807171359,44.1509170095,46.344618707,43.7034386002,44.1625735551,47.3741561765,45.5656482965,47.008648128,45.9856491038,44.9664985844,39.6647077804,40.4861845766,42.0012151672,39.0199737269,40.3547306157,43.0461016827,41.4145996232,43.0511378132,41.8374602701,40.5116477402,40.2088489711,41.3131218411,43.1399969759,40.3815843042,41.3100843534,44.164497806,42.4588738235,44.057754827,42.9602382048,41.8631611783,41.8185724659,43.2392238963,45.315276831,42.6366585704,43.2467171929,46.3438411154,44.5685712677,46.0617981222,45.0150882684,43.9711367335]},"edges":[]}