{"data":{"Year":[2011,2013,2015,2017,2019],"Value":[0.0157301093,0.022670196,0.0202625067,0.0539857165,0.059942726]},"edges":[]}