{"data":{"Year":[2016,2017,2018,2019],"Value":[17195312.2232399993,8457965.3439000007,11386838.0091999993,25859793.1900000013]},"edges":[]}