{"data":{"Year":[2000,2001,2009,2010,2011,2012,2014,2015,2016,2017,2018,2019,2020],"Value":[83.8116,78.11822,67.57649,69.02863,66.16793,67.65863,65.36975,62.29569,68.67431,57.599,57.79098,64.22479,60.81587]},"edges":[]}