{"data":{"Year":[2000,2005,2010,2015,2019,2000,2005,2010,2015,2019,2000,2005,2010,2015,2019],"UPPER_BOUND":["2.55519","1.41973","2.29219","2.56219","2.75273","1.01232","0.55921","0.89631","1.00061","1.07295","4.2058","2.32185","3.78685","4.20636","4.5382"],"LOWER_BOUND":["1.61939","0.7469","1.34635","1.55424","1.72682","0.63927","0.29329","0.52145","0.60285","0.66723","2.64829","1.22475","2.22851","2.544","2.83637"],"Sex":[null,null,null,null,null,"Female","Female","Female","Female","Female","Male","Male","Male","Male","Male"],"Upper bound value":["2.75273","2.75273","2.75273","2.75273","2.75273","1.07295","1.07295","1.07295","1.07295","1.07295","4.5382","4.5382","4.5382","4.5382","4.5382"],"Lower bound value":["1.72682","1.72682","1.72682","1.72682","1.72682","0.66723","0.66723","0.66723","0.66723","0.66723","2.83637","2.83637","2.83637","2.83637","2.83637"],"Value":[2.01811,1.00906,1.74062,2.0097,2.14845,0.79107,0.39323,0.67184,0.77436,0.82844,3.28917,1.64734,2.84824,3.28653,3.51096]},"edges":{"From":["UPPER_BOUND","LOWER_BOUND","Lower bound value","Upper bound value"],"To":["LOWER_BOUND","Upper bound value","Sex","Lower bound value"]}}