{"data":{"Year":[2001,2002,2003,2004,2005,2006,2007,2008,2009,2001,2002,2003,2004,2005,2006,2007,2008,2009,2001,2002,2003,2004,2005,2006,2007,2008,2009],"NATURE":["E","C","C","C","C","C","C","C","E","E","C","C","C","C","C","C","C","E","E","C","C","C","C","C","C","C","E"],"Sex":[null,null,null,null,null,null,null,null,null,"Female","Female","Female","Female","Female","Female","Female","Female","Female","Male","Male","Male","Male","Male","Male","Male","Male","Male"],"Value":[46.0889,43.54804,44.74036,43.3654,43.23754,43.34165,44.61103,42.45389,46.27357,46.56523,43.82247,46.11873,43.90765,43.74093,42.99105,43.93932,42.39761,46.19878,45.61811,43.27688,43.37904,42.8301,42.74078,43.68732,45.27272,42.50928,46.34713]},"edges":{"From":["NATURE"],"To":["Sex"]}}