{"data":{"Year":[2006,2007,2008,2009,2010,2011,2012,2013,2014,2015,2016,2017,2018,2019,2020],"Value":[0.97667,0.96126,3.76933,5.77842,3.86668,6.64133,6.53146,8.0718,6.06125,8.25672,5.73424,8.57165,7.90698,10.98751,11.30443]},"edges":[]}