{"Year":[2000,2001,2002,2003,2004,2005,2006,2010,2011,2012,2013,2014,2015,2016,2017,2018],"NATURE":["C","C","E","C","C","C","C","C","C","C","C","C","C","E","E","E"],"Value":[23.39701,22.39571,25.62821,24.98009,26.66815,27.46934,25.0814,20.55599,19.25283,19.9239,19.13569,17.08103,16.66466,17.35457,17.7087,19.03519]}