{"Year":[2000,2005,2010],"Value":[34.21305,39.76516,49.96409]}