Year,Value
2015,0.646841713128946
2017,0.819216936106694
2019,0.838592323427175
