{"Year":[2000,2001,2002,2003,2004,2005,2006,2007,2008,2009,2010,2011,2012,2013,2014,2015,2016,2017,2018,2019,2020,2021],"UPPER_BOUND":["35.7464","35.8038","35.8038","35.8038","35.8038","35.815","35.8792","35.8792","35.8792","36.0021","36.0984","36.336","36.336","36.336","36.336","36.336","36.336","36.336","36.336","36.336","36.336","36.336"],"LOWER_BOUND":["35.7464","35.8038","35.8038","35.8038","35.8038","35.815","35.8792","35.8792","35.8792","36.0021","36.0984","36.336","36.336","36.336","36.336","36.336","36.336","36.336","36.336","36.336","36.336","36.336"],"Value":[35.74641,35.80375,35.80375,35.80375,35.80375,35.81505,35.87922,35.87922,35.87922,36.0021,36.09843,36.33601,36.33601,36.33601,36.33601,36.33601,36.33601,36.33601,36.33601,36.33601,36.33601,36.33601]}