{"Year":[1993,1994,1995,1996,1997,1998,1999,2000,2001,2002,2003,2004,2005,2006,2007,2008,2009,2010,2011,2012,2013,2014,2015,2016,2017,2018,2019,2020,2021,2022],"UPPER_BOUND":["0.87419","0.87392","0.87344","0.87314","0.87235","0.87087","0.86825","0.86494","0.86223","0.85897","0.85625","0.8529","0.85002","0.84652","0.84451","0.84114","0.8392","0.83651","0.83548","0.83414","0.8335","0.83353","0.83331","0.83252","0.83267","0.83103","0.83235","0.83052","0.8301","0.83054"],"LOWER_BOUND":["0.86434","0.86439","0.86309","0.86059","0.85801","0.85437","0.85161","0.84871","0.84546","0.84213","0.83855","0.83532","0.83214","0.8288","0.82531","0.82045","0.81645","0.81306","0.80605","0.80069","0.79347","0.79131","0.78499","0.77881","0.77207","0.76619","0.7589","0.75423","0.74601","0.74385"],"Value":[0.87008,0.86987,0.86933,0.8678,0.86613,0.86316,0.86056,0.85652,0.85368,0.85046,0.84775,0.84419,0.8415,0.83803,0.83559,0.83204,0.8299,0.82629,0.82324,0.8205,0.81755,0.81346,0.81004,0.80784,0.80406,0.80097,0.79833,0.79475,0.7912,0.78797]}