{"Year":[1993,1994,1995,1996,1997,1998,1999,2000,2001,2002,2003,2004,2005,2006,2007,2008,2009,2010,2011,2012,2013,2014,2015,2016,2017,2018,2019,2020,2021,2022],"UPPER_BOUND":["0.95893","0.95779","0.95649","0.95544","0.95461","0.95377","0.95309","0.95244","0.9518","0.95114","0.95051","0.94983","0.94917","0.94847","0.94781","0.94708","0.94633","0.94572","0.94537","0.94524","0.94518","0.94491","0.94499","0.94521","0.94491","0.94517","0.94513","0.94523","0.94519","0.94503"],"LOWER_BOUND":["0.95343","0.95283","0.95248","0.9516","0.95121","0.95056","0.95004","0.94923","0.9487","0.9481","0.94731","0.94667","0.94615","0.94503","0.94446","0.94338","0.94215","0.94145","0.94033","0.939","0.93802","0.93613","0.93539","0.93478","0.93303","0.93164","0.93063","0.92968","0.92804","0.92676"],"Value":[0.95569,0.95478,0.95419,0.95336,0.9528,0.95224,0.95144,0.95078,0.95004,0.94977,0.94903,0.94839,0.94764,0.94701,0.94618,0.94552,0.9449,0.94427,0.94355,0.94284,0.94219,0.94154,0.94093,0.94031,0.9397,0.93896,0.93839,0.93768,0.93696,0.93631]}