{"Year":[2016,2017,2018,2019],"Value":[4382366.8689900003,77249082.4189999998,1668872.0689000001,3096567.659]}