{"Year":[1970,1971,1972,1973,1974,1975,1976,1977,1978,1979,1980,1981,1982,1983,1984,1985,1986,1987,1988,1989,1990,1991,1992,1993,1994,1995,1996,1997,1998,1999,2000,2001,2002,2003,2004,2005,2006,2007,2008,2009,2010,2011,2012,2013,2014,2015,2016,2017,2018,2019,2020],"Value":[0.45277,0.40823,0.65772,0.4998,0.62223,0.40499,0.28493,0.41118,0.49776,0.30701,0.38154,1.14582,1.05697,0.97137,0.91675,1.07579,0.72025,0.82802,0.9163,1.07568,1.62452,1.52218,1.39893,2.05397,1.9205,0.96722,0.72675,3.86264,3.77404,4.53516,4.23365,0.39207,0.43463,0.44178,2.33491,2.26808,2.2089,2.01894,1.85906,1.49117,1.51029,1.99307,2.14732,2.11487,2.11002,2.23795,2.33194,2.39196,2.95041,2.82251,3.06889]}