{"Year":[1974,1975,1976,1977,1978,1979,1980,1981,1982,1983,1984,1985,1986,1987,1988,1989,1990,1991,1992,1993,1994,1995,1996,1997,1998,1999,2000,2001,2002,2003,2004,2005,2006,2007,2008,2009,2010,2011,2012,2013,2014,2015,2016,2017,2018,2019,2020],"Value":[0.40569,0.92979,1.60266,1.46574,1.69542,1.37754,1.70848,1.6649,1.652,1.65201,1.54249,2.07961,2.02055,1.81619,1.83134,1.77121,1.92218,2.24063,2.26101,2.30739,2.261,2.30826,2.29399,2.49054,2.26603,2.82171,3.89256,4.68582,4.94009,5.83985,6.29198,7.1681,7.91649,8.52764,8.79367,8.39741,9.17493,9.07152,8.92496,9.39758,9.75703,9.88904,10.40204,10.23459,10.5012,10.82203,10.39553]}