{"Year":[1990,1991,1992,1993,1994,1995,1996,1997,1998,1999,2000,2001,2002,2003,2004,2005,2006,2007,2008,2009,2010,2011,2012,2013,2014,2015,2016,2017,2018,2019,2020],"Value":[57.1,18.8,6.0,2.0,4.3,33.0,10.54714,53.0,11.41358,13.82186,110.90461,5.30262,27.62523,81.7352,46.06395,21.21294,50.6748,897.39699,642.74044,1855.1947,1882.06816,2233.93854,2175.05181,1978.36093,1513.9001,1463.73759,1138.61288,1403.56759,1139.43822,1098.37595,716.75622]}