{"Year":[1990,1991,1992,1993,1994,1995,1996,1997,1998,1999,2000,2001,2002,2003,2004,2005,2006,2007,2008,2009,2010,2011,2012,2013,2014,2015,2016,2017,2018,2019,2020],"Value":[56.92983,-7.44398,21.53446,-0.70631,66.82216,35.05974,5.47354,176.81254,60.34389,153.24696,62.93751,31.94237,78.05299,52.49484,77.0285,44.58849,220.31976,297.42711,397.6329,320.03278,266.10765,338.2189,276.1754,311.36677,403.09806,409.16612,472.4098,588.293,847.84158,1065.46282,1480.50073]}