{"Year":[2000,2001,2002,2003,2004,2005,2006,2007,2008,2009,2010,2011,2012,2013,2014,2015,2016,2017,2018,2019,2020],"UPPER_BOUND":["272.561","296.716","276.618","261.155","225.423","180.884","140.37","107.552","89.4077","84.2493","85.4695","87.3639","92.0246","96.2173","94.6144","91.7139","90.7048","91.021","90.2655","87.3645","82.7941"],"LOWER_BOUND":["170.246","194.532","179.18","165.286","136.956","100.644","74.3226","57.3499","47.7677","45.7912","47.1532","48.3988","50.2394","51.8381","51.2993","50.2097","46.0247","41.0639","37.421","34.0586","29.0802"],"Value":[216.79553,241.66136,223.48762,209.2249,178.07683,136.53356,103.49768,79.70837,66.3368,62.76892,64.01906,65.88106,68.78956,71.34954,70.74808,68.77052,65.96076,62.54176,59.74985,56.45128,50.92648]}