{"Year":[2000,2003,2004,2005,2006,2007,2008,2009,2010,2011,2012,2013,2014,2015,2019,2020,2000,2003,2004,2005,2006,2007,2008,2009,2010,2011,2012,2013,2014,2015,2019,2020,2000,2003,2004,2005,2006,2007,2008,2009,2010,2011,2012,2013,2014,2015,2019,2020],"NATURE":["E","E","C","C","C","C","C","C","C","C","C","C","C","C","C","C","E","E","C","C","C","C","C","C","C","C","C","C","C","C","C","C","E","E","C","C","C","C","C","C","C","C","C","C","C","C","C","C"],"Sex":[null,null,null,null,null,null,null,null,null,null,null,null,null,null,null,null,"Female","Female","Female","Female","Female","Female","Female","Female","Female","Female","Female","Female","Female","Female","Female","Female","Male","Male","Male","Male","Male","Male","Male","Male","Male","Male","Male","Male","Male","Male","Male","Male"],"Value":[13.74088,17.03931,7.23541,7.37575,10.00108,11.22808,12.12661,12.61479,14.36028,15.55541,16.28934,16.04033,18.06066,17.69955,16.13666,15.93175,12.31914,17.05714,7.66083,7.78103,10.59364,11.88232,12.55114,13.40053,15.07904,16.54648,17.31347,16.91011,19.05292,18.78471,17.10417,16.85969,15.13557,17.0218,6.81818,6.97837,9.41983,10.58701,11.71112,11.84657,13.65799,14.58697,15.28902,15.1912,17.09254,16.64149,15.19478,15.02888]}