{"Year":[2010,2011,2012,2013,2014,2015,2016,2017,2018,2019,2020,2004,2005,2006,2007,2008,2009,2010,2011,2012,2013,2014,2015,2016,2017,2018,2019,2020],"SDG Series":["Number of automated teller machines (ATMs) per 100,000 adults [8.10.1]","Number of automated teller machines (ATMs) per 100,000 adults [8.10.1]","Number of automated teller machines (ATMs) per 100,000 adults [8.10.1]","Number of automated teller machines (ATMs) per 100,000 adults [8.10.1]","Number of automated teller machines (ATMs) per 100,000 adults [8.10.1]","Number of automated teller machines (ATMs) per 100,000 adults [8.10.1]","Number of automated teller machines (ATMs) per 100,000 adults [8.10.1]","Number of automated teller machines (ATMs) per 100,000 adults [8.10.1]","Number of automated teller machines (ATMs) per 100,000 adults [8.10.1]","Number of automated teller machines (ATMs) per 100,000 adults [8.10.1]","Number of automated teller machines (ATMs) per 100,000 adults [8.10.1]","Number of commercial bank branches per 100,000 adults [8.10.1]","Number of commercial bank branches per 100,000 adults [8.10.1]","Number of commercial bank branches per 100,000 adults [8.10.1]","Number of commercial bank branches per 100,000 adults [8.10.1]","Number of commercial bank branches per 100,000 adults [8.10.1]","Number of commercial bank branches per 100,000 adults [8.10.1]","Number of commercial bank branches per 100,000 adults [8.10.1]","Number of commercial bank branches per 100,000 adults [8.10.1]","Number of commercial bank branches per 100,000 adults [8.10.1]","Number of commercial bank branches per 100,000 adults [8.10.1]","Number of commercial bank branches per 100,000 adults [8.10.1]","Number of commercial bank branches per 100,000 adults [8.10.1]","Number of commercial bank branches per 100,000 adults [8.10.1]","Number of commercial bank branches per 100,000 adults [8.10.1]","Number of commercial bank branches per 100,000 adults [8.10.1]","Number of commercial bank branches per 100,000 adults [8.10.1]","Number of commercial bank branches per 100,000 adults [8.10.1]"],"Value":[3.99315,4.67494,4.98358,4.94803,5.1087,5.52141,5.70103,5.70117,5.52714,6.09768,6.41877,2.01237,2.54856,2.96295,3.14082,3.80863,3.99173,4.24447,4.55263,4.78529,4.70384,4.75896,5.09668,5.13564,5.7583,5.60468,5.76488,5.22241]}