Year,Value
2011,0.0157301092992689
2013,0.0226701959915023
2015,0.0202625066937074
2017,0.0539857164733663
2019,0.0599427259559341
