{"Year":[2005,2010,2015,2016,2017,2018,2019,2020,2005,2010,2015,2016,2017,2018,2019,2020,2005,2010,2016,2019,2020,2005,2010,2015,2016,2017,2018,2019,2020,2005,2010,2015,2016,2017,2018,2019,2020,2005,2015,2016,2017,2018,2019,2005,2010,2015,2016,2017,2018,2019,2020],"Type of product":[null,null,null,null,null,null,null,null,"Agriculture products","Agriculture products","Agriculture products","Agriculture products","Agriculture products","Agriculture products","Agriculture products","Agriculture products","Arms","Arms","Arms","Arms","Arms","Clothing","Clothing","Clothing","Clothing","Clothing","Clothing","Clothing","Clothing","Industrial products","Industrial products","Industrial products","Industrial products","Industrial products","Industrial products","Industrial products","Industrial products","Oil","Oil","Oil","Oil","Oil","Oil","Textiles","Textiles","Textiles","Textiles","Textiles","Textiles","Textiles","Textiles"],"Observation-level footnotes":[null,null,null,null,null,null,null,null,null,null,null,null,null,null,null,null,"Obs_Value = 0;  ","Obs_Value = 0;  ","Obs_Value = 0;  ","Obs_Value = 0;  ","Obs_Value = 0;  ",null,null,null,null,null,null,null,null,null,null,null,null,null,null,null,null,"Obs_Value = 0;  ","Obs_Value = 0;  ","Obs_Value = 0;  ","Obs_Value = 0;  ","Obs_Value = 0;  ","Obs_Value = 0;  ",null,null,null,null,null,null,null,null],"COMMENT_OBS":[null,null,null,null,null,null,null,null,null,null,null,null,null,null,null,null,null,"Obs_Value = 0;  ",null,null,null,null,null,null,null,null,null,null,null,null,null,null,null,null,null,null,null,"Obs_Value = 0;  ",null,"Obs_Value = 0;  ",null,null,null,null,null,null,null,null,null,null,null],"Value":[41.67818,40.37193,62.13633,53.18599,72.12601,75.7741,78.98219,77.18257,67.65189,64.67958,67.29107,57.61589,71.99559,76.77725,77.72829,76.59794,12.5,0.0,100.0,100.0,66.66667,49.62406,39.7351,49.06832,57.48503,66.85714,69.00585,77.38095,77.68924,37.66871,36.58352,62.31695,52.35792,72.33317,75.85586,79.42691,77.45902,0.0,33.33333,0.0,100.0,100.0,100.0,40.7563,36.5,46.15385,49.4186,72.80335,75.64103,77.17391,74.64286]}