{"Year":[2002,2003,2004,2005,2006,2007,2008,2009,2010,2011,2012,2013,2014,2015,2016,2017,2018,2019,2020],"Value":[24.17943,6.83005,9.21188,1.09004,28.45,51.4462,14.19364,166.892,47.47368,111.69961,137.2325,120.70074,121.94251,204.39316,55.4891,78.27096,40.86219,163.85227,38.02659]}