{"Year":[2006,2007,2008,2009,2010,2011,2014,2015,2016,2017,2018,2019,2020,2021],"Value":[100.0,100.0,100.0,90.19473,91.14524,85.89134,93.88471,90.82922,88.71442,94.05736,89.92806,93.7318,91.94907,73.69668]}