{"Year":[1975,1976,1977,1978,1979,1980,1981,1982,1983,1984,1985,1986,1987,1988,1989,1990,1991,1992,1993,1994,1995,1996,1997,1998,1999,2000,2001,2002,2003,2004,2005,2006,2007,2008,2009,2010,2011,2012,2013,2014,2015,2016,2017,2018,2019,2020],"Value":[5.69959,5.85973,6.731,8.74003,10.86001,12.0583,16.31871,21.46391,24.04206,24.31546,28.76927,27.059,32.82423,30.75062,30.54049,28.58134,26.28001,23.50007,12.82716,16.97759,20.72663,18.86715,12.93811,12.39553,13.04278,17.30217,12.43229,13.66155,14.47814,7.38753,9.46288,6.7563,5.92231,4.63598,4.82998,4.13008,4.00884,4.355,4.39152,10.97826,6.9778,8.36638,12.21644,20.88838,35.35853,25.49134]}