{"Year":[1974,1975,1976,1977,1978,1979,1980,1981,1982,1983,1984,1985,1986,1987,1988,1989,1990,1991,1992,1993,1994,1995,1996,1997,1998,1999,2000,2001,2002,2003,2004,2005,2006,2007,2008,2009,2010,2011,2012,2013,2014,2015,2016,2017,2018],"Value":[5.69447,5.67833,6.08477,6.59239,16.01371,17.67393,27.73237,14.0423,10.10553,9.75996,14.79274,19.19545,25.94337,31.51113,30.4857,27.61434,18.28095,20.05283,12.54228,8.69491,16.32829,16.46523,19.39469,17.49983,19.81212,14.2487,14.74182,12.59727,12.71475,11.50588,13.46452,6.36259,6.18478,3.50247,3.2588,4.21238,4.36778,6.16786,5.54365,5.73874,6.56048,6.34381,7.40052,10.57156,12.0737]}