{"Year":[2000,2001,2002,2003,2004,2005,2006,2007,2008,2009,2010,2011,2012,2013,2014,2015,2016,2017,2018,2019,2020],"NATURE":["E","E","E","E","E","E","E","CA","CA","CA","CA","CA","CA","CA","CA","CA","CA","CA","CA","CA","CA"],"UPPER_BOUND":["404.521","403.842","369.225","327.061","265.387","206.97","216.076","184.397","76.1222","44.7606","80.4744","65.2262","72.3535","82.4492","50.584","94.1881","61.5947","69.2386","88.6944","55.9438","67.7308"],"LOWER_BOUND":["180.075","66.6485","49.1326","68.8345","28.5269","39.7339","38.8096","28.2235","32.9728","22.4061","42.3079","34.2836","36.7549","43.9132","28.1499","47.0947","31.2861","36.2042","45.9433","28.0255","33.8991"],"Value":[306.24223,273.64449,223.62013,202.76128,138.99806,125.26435,121.26902,99.26733,52.37665,32.89096,60.47494,48.89758,53.26776,61.78316,38.56819,69.34407,45.62846,52.25297,66.08033,41.24976,49.92938]}