{"Year":[2000,2001,2002,2003,2004,2005,2006,2007,2008,2009,2010,2011,2012,2013,2014,2015,2016,2017,2018,2019,2020,2000,2001,2002,2003,2004,2005,2006,2007,2008,2009,2010,2011,2012,2013,2014,2015,2016,2017,2018,2019,2020,2000,2001,2002,2003,2004,2005,2006,2007,2008,2009,2010,2011,2012,2013,2014,2015,2016,2017,2018,2019,2020],"NATURE":["M","M","M","C","M","M","M","M","M","C","C","M","M","M","C","C","C","M","M","C","M","M","M","M","M","M","M","M","M","M","M","M","M","M","M","M","M","M","M","M","M","M","M","M","M","C","M","M","M","M","M","C","C","M","M","M","C","C","C","M","M","C","M"],"Degree of urbanisation":[null,null,null,null,null,null,null,null,null,null,null,null,null,null,null,null,null,null,null,null,null,"Rural","Rural","Rural","Rural","Rural","Rural","Rural","Rural","Rural","Rural","Rural","Rural","Rural","Rural","Rural","Rural","Rural","Rural","Rural","Rural","Rural","Urban","Urban","Urban","Urban","Urban","Urban","Urban","Urban","Urban","Urban","Urban","Urban","Urban","Urban","Urban","Urban","Urban","Urban","Urban","Urban","Urban"],"Value":[15.13117,17.03308,18.92741,16.0,22.70271,24.58839,26.47593,28.36799,30.26729,23.0,19.2,36.03566,37.99097,39.96611,36.0,41.6,53.1,55.97641,61.28457,69.7,71.43794,6.5114,8.2719,10.02085,6.93734,13.48802,15.209,16.92241,18.63225,20.34333,10.14353,7.17225,25.53585,27.3002,29.08793,25.07233,29.00259,42.07793,45.88041,51.61518,61.69374,62.67134,49.84423,51.56052,53.27548,50.2,56.7292,58.48185,60.25885,62.05662,63.86947,65.6,58.2,69.34164,71.15794,72.96217,68.4,78.1,84.3,83.8896,87.388,90.8,93.98622]}