{"Year":[2000,2001,2002,2003,2004,2005,2006,2007,2008,2009,2010,2011,2012,2013,2014,2015,2016,2017,2018,2019,2020,2000,2001,2002,2003,2004,2005,2006,2007,2008,2009,2010,2011,2012,2013,2014,2015,2016,2017,2018,2019,2020,2000,2001,2002,2003,2004,2005,2006,2007,2008,2009,2010,2011,2012,2013,2014,2015,2016,2017,2018,2019,2020],"NATURE":["C","M","C","M","C","C","C","M","M","C","C","C","C","C","C","C","C","C","C","C","M","M","M","M","M","M","M","M","M","M","M","M","M","M","M","M","M","M","M","M","M","M","C","M","C","M","M","C","C","M","M","C","M","C","M","C","C","C","C","C","C","C","M"],"Degree of urbanisation":[null,null,null,null,null,null,null,null,null,null,null,null,null,null,null,null,null,null,null,null,null,"Rural","Rural","Rural","Rural","Rural","Rural","Rural","Rural","Rural","Rural","Rural","Rural","Rural","Rural","Rural","Rural","Rural","Rural","Rural","Rural","Rural","Urban","Urban","Urban","Urban","Urban","Urban","Urban","Urban","Urban","Urban","Urban","Urban","Urban","Urban","Urban","Urban","Urban","Urban","Urban","Urban","Urban"],"Value":[37.74,38.75762,36.8,41.96413,36.8,47.1,49.9,48.36181,49.97265,53.5,56.5,56.5,56.5,57.0,61.0,60.5,64.5,61.7,66.0,70.4,70.36894,12.81024,15.10271,11.2507,18.61033,8.64726,23.26793,25.37207,24.79219,26.33427,30.61138,35.16051,31.71887,32.569,31.78065,41.01495,38.13573,44.50024,35.37255,41.42455,47.82384,47.35753,74.64,73.56185,74.16916,75.7129,76.8038,80.4,83.6,80.20448,81.37509,83.4,83.91086,87.8,86.22234,87.8,85.0,86.9,87.7,91.7,93.5,95.2,95.17643]}