{"Year":[2000,2001,2002,2003,2004,2005,2006,2007,2008,2009,2010,2011,2012,2013,2014,2015,2016,2017,2018,2019,2020],"Value":[-3.54532,2.09699,-1.76861,4.06244,3.25202,2.95556,-0.16834,2.20157,0.93929,-0.32013,1.36032,-1.01569,1.14874,0.99162,1.19469,3.42122,3.42526,4.42785,3.29539,1.57048,-1.86707]}